"RelativePath","Extension","Size"
"404.php",".php","771"
"footer.php",".php","5053"
"front-page.php",".php","114"
"functions.php",".php","15561"
"header.php",".php","2462"
"home.php",".php","3711"
"index.php",".php","382"
"page.php",".php","234"
"php_errorlog","","319"
"single.php",".php","1919"
"style.css",".css","413"
"assets\css\nvx-base.css",".css","37822"
"assets\css\nvx-base.min.css",".css","25994"
"assets\css\nvx-brand-home.css",".css","30658"
"assets\css\nvx-brand-home.min.css",".css","24126"
"assets\css\nvx-brand-system.css",".css","24737"
"assets\css\nvx-brand-system.min.css",".css","21082"
"assets\css\nvx-brand-treatment-co2.css",".css","1679"
"assets\css\nvx-brand-treatment-co2.min.css",".css","1316"
"assets\css\nvx-brand-treatment-core.css",".css","18072"
"assets\css\nvx-brand-treatment-core.min.css",".css","16129"
"assets\css\nvx-brand-treatment-endolaser.css",".css","1685"
"assets\css\nvx-brand-treatment-endolaser.min.css",".css","1316"
"assets\css\nvx-brand-treatment-endolift.css",".css","2214"
"assets\css\nvx-brand-treatment-endolift.min.css",".css","1834"
"assets\css\nvx-components.css",".css","9396"
"assets\css\nvx-components.min.css",".css","7234"
"assets\css\nvx-fluid-organic-2026.css",".css","38663"
"assets\css\nvx-fluid-organic-2026.min.css",".css","32633"
"assets\css\nvx-footer.css",".css","3965"
"assets\css\nvx-footer.min.css",".css","3583"
"assets\css\nvx-forms.css",".css","4693"
"assets\css\nvx-forms.min.css",".css","4219"
"assets\css\nvx-gutenberg-pages.css",".css","6448"
"assets\css\nvx-gutenberg-pages.min.css",".css","5592"
"assets\css\nvx-header.css",".css","12257"
"assets\css\nvx-header.min.css",".css","9532"
"assets\css\nvx-pages.css",".css","5190"
"assets\css\nvx-pages.min.css",".css","4417"
"assets\css\nvx-posts.css",".css","5431"
"assets\css\nvx-posts.min.css",".css","4751"
"assets\css\nvx-responsive.css",".css","150"
"assets\css\nvx-responsive.min.css",".css","90"
"assets\css\nvx-secondary-pages.css",".css","18197"
"assets\css\nvx-secondary-pages.min.css",".css","16448"
"assets\css\nvx-sede-page.css",".css","11511"
"assets\css\nvx-sede-page.min.css",".css","10137"
"assets\css\nvx-site-layout.css",".css","8702"
"assets\css\nvx-site-layout.min.css",".css","7043"
"assets\css\nvx-tokens.css",".css","3766"
"assets\css\nvx-tokens.min.css",".css","2893"
"assets\css\nvx-typography-alignment.css",".css","3923"
"assets\css\nvx-typography-alignment.min.css",".css","3343"
"assets\css\nvx-visual-system.css",".css","9982"
"assets\css\nvx-visual-system.min.css",".css","8605"
"assets\images\logo.svg",".svg","232"
"assets\js\nvx-brand-system.js",".js","1633"
"assets\js\nvx-main.js",".js","1526"
"inc\nvx-integrations.php",".php","1620"
"template-parts\content\nvx-blog-index.php",".php","1627"
"template-parts\content\nvx-page-shell.php",".php","1208"
"template-parts\editorial\clinicas.php",".php","236"
"template-parts\editorial\home.php",".php","21997"
"template-parts\editorial\tratamiento.php",".php","237"
"template-parts\footer\site-footer.php",".php","2240"
"template-parts\header\site-header.php",".php","1421"
"templates\page-contacto.php",".php","203"
"templates\page-landing-valoracion.php",".php","214"
"templates\page-sede.php",".php","205"
"templates\page-tratamiento.php",".php","206"
